date,OT
1,0.024835707650561634
2,0.05848991417158383
3,0.1629106191250862
4,0.27124181483652954
5,0.247111376366354
6,0.3097326174557026
7,0.46164407314045935
8,0.48066042667664666
9,0.47652628070325226
10,0.5826982351989004
11,0.5855905443680973
12,0.636059327421556
13,0.7192048947648493
14,0.6561757952460876
15,0.7071074486655836
16,0.8033552358404965
17,0.8153838477677173
18,0.9125851081624519
19,0.878478328735226
20,0.8763149444283412
21,1.0392082647351462
22,0.9694964653789038
23,0.9948212716082064
24,0.9266215139279307
25,0.4982086980445024
26,0.5776969136003514
27,0.3668739601389652
28,0.5362914453195688
29,0.4958338099841757
30,0.4717821648504831
31,0.4855579219545969
32,0.37483973965312745
33,0.45552275655423413
34,0.47572303165122365
35,0.5222330373098847
36,0.412046440956062
37,0.3863520151519776
38,0.3897486015957904
39,0.4479604631372839
40,0.40533011373788475
41,0.3485119898116482
42,0.38623554421041817
43,0.3505247355586746
44,0.378792115852435
45,0.27960210658176265
46,0.28238947317414365
47,0.263026140398405
48,0.1931750349009299
49,0.024835707650561634
50,0.05848991417158383
51,0.1629106191250862
52,0.27124181483652954
53,0.247111376366354
54,0.3097326174557026
55,0.46164407314045935
56,0.48066042667664666
57,0.47652628070325226
58,0.5826982351989004
59,0.5855905443680973
60,0.636059327421556
61,0.7192048947648493
62,0.6561757952460876
63,0.7071074486655836
64,0.8033552358404965
65,0.8153838477677173
66,0.9125851081624519
67,0.878478328735226
68,0.8763149444283412
69,1.0392082647351462
70,0.9694964653789038
71,0.9948212716082064
72,0.9266215139279307
73,0.9727808637737408
74,1.0050108602951442
75,0.9403115364723373
76,1.0139812210180912
77,0.961449522076327
78,0.9721478448841127
79,0.9508845525163518
80,1.066832094608619
81,0.965831489709213
82,0.9049818566278414
83,0.9894655806779683
84,0.8769177693711933
85,0.9372198750468748
86,0.8168529475810284
87,0.8357810548072587
88,0.8987356200483567
89,0.9119233289997706
90,0.8691405866142489
91,0.8398884439718605
92,0.8153046815463261
93,0.7407786617572589
94,0.7627803700842967
95,0.7595996095070235
96,0.8192068936184816
97,0.024835707650561634
98,0.05848991417158383
99,0.1629106191250862
100,0.27124181483652954
101,0.247111376366354
102,0.3097326174557026
103,0.46164407314045935
104,0.48066042667664666
105,0.47652628070325226
106,0.5826982351989004
107,0.5855905443680973
108,0.636059327421556
109,0.7192048947648493
110,0.6561757952460876
111,0.7071074486655836
112,0.8033552358404965
113,0.8153838477677173
114,0.9125851081624519
115,0.878478328735226
116,0.8763149444283412
117,1.0392082647351462
118,0.9694964653789038
119,0.9948212716082064
120,0.9266215139279307
121,0.4982086980445024
122,0.5776969136003514
123,0.3668739601389652
124,0.5362914453195688
125,0.4958338099841757
126,0.4717821648504831
127,0.4855579219545969
128,0.37483973965312745
129,0.45552275655423413
130,0.47572303165122365
131,0.5222330373098847
132,0.412046440956062
133,0.3863520151519776
134,0.3897486015957904
135,0.4479604631372839
136,0.40533011373788475
137,0.3485119898116482
138,0.38623554421041817
139,0.3505247355586746
140,0.378792115852435
141,0.27960210658176265
142,0.28238947317414365
143,0.263026140398405
144,0.1931750349009299
145,0.024835707650561634
146,0.05848991417158383
147,0.1629106191250862
148,0.27124181483652954
149,0.247111376366354
150,0.3097326174557026
151,0.46164407314045935
152,0.48066042667664666
153,0.47652628070325226
154,0.5826982351989004
155,0.5855905443680973
156,0.636059327421556
157,0.7192048947648493
158,0.6561757952460876
159,0.7071074486655836
160,0.8033552358404965
161,0.8153838477677173
162,0.9125851081624519
163,0.878478328735226
164,0.8763149444283412
165,1.0392082647351462
166,0.9694964653789038
167,0.9948212716082064
168,0.9266215139279307
169,0.767180914478423
170,0.6613127230415142
171,0.7640654138131922
172,0.7259422060799918
173,0.7076353565569692
174,0.76731634681582
175,0.7825198592526192
176,0.7707821913389821
177,0.6745454747849777
178,0.6924067842830756
179,0.714901506642987
180,0.7367372082258623
181,0.6528179834043725
182,0.6555535049418264
183,0.5968736085518788
184,0.579082227050867
185,0.6656262911197101
186,0.6783841739832915
187,0.5920703520122558
188,0.6305365112203917
189,0.582786562528012
190,0.5165165927737759
191,0.5507013283304336
192,0.5932526106308343
193,0.024835707650561634
194,0.05848991417158383
195,0.1629106191250862
196,0.27124181483652954
197,0.247111376366354
198,0.3097326174557026
199,0.46164407314045935
200,0.48066042667664666
201,0.47652628070325226
202,0.5826982351989004
203,0.5855905443680973
204,0.636059327421556
205,0.7192048947648493
206,0.6561757952460876
207,0.7071074486655836
208,0.8033552358404965
209,0.8153838477677173
210,0.9125851081624519
211,0.878478328735226
212,0.8763149444283412
213,1.0392082647351462
214,0.9694964653789038
215,0.9948212716082064
216,0.9266215139279307
217,0.2648060138532289
218,0.26251749441864547
219,0.24811688817557553
220,0.2334669634320503
221,0.17071291946974643
222,0.21570026623550853
223,0.21383415730148325
224,0.18410432192209114
225,0.2084420653628093
226,0.22806994591636331
227,0.2926476301333354
228,0.19668884251133634
229,0.18965421483277523
230,0.1611141579867088
231,0.05625179648722811
232,0.1375668644824397
233,0.1280115104970514
234,0.2337342781790147
235,0.08605280985221642
236,0.09543723344247113
237,0.06296917279036818
238,-0.009661321376944532
239,0.08977268878076394
240,0.05394743394187451
241,0.024835707650561634
242,0.05848991417158383
243,0.1629106191250862
244,0.27124181483652954
245,0.247111376366354
246,0.3097326174557026
247,0.46164407314045935
248,0.48066042667664666
249,0.47652628070325226
250,0.5826982351989004
251,0.5855905443680973
252,0.636059327421556
253,0.7192048947648493
254,0.6561757952460876
255,0.7071074486655836
256,0.8033552358404965
257,0.8153838477677173
258,0.9125851081624519
259,0.878478328735226
260,0.8763149444283412
261,1.0392082647351462
262,0.9694964653789038
263,0.9948212716082064
264,0.9266215139279307
265,0.9727808637737408
266,1.0050108602951442
267,0.9403115364723373
268,1.0139812210180912
269,0.961449522076327
270,0.9721478448841127
271,0.9508845525163518
272,1.066832094608619
273,0.965831489709213
274,0.9049818566278414
275,0.9894655806779683
276,0.8769177693711933
277,0.9372198750468748
278,0.8168529475810284
279,0.8357810548072587
280,0.8987356200483567
281,0.9119233289997706
282,0.8691405866142489
283,0.8398884439718605
284,0.8153046815463261
285,0.7407786617572589
286,0.7627803700842967
287,0.7595996095070235
288,0.8192068936184816
289,0.024835707650561634
290,0.05848991417158383
291,0.1629106191250862
292,0.27124181483652954
293,0.247111376366354
294,0.3097326174557026
295,0.46164407314045935
296,0.48066042667664666
297,0.47652628070325226
298,0.5826982351989004
299,0.5855905443680973
300,0.636059327421556
301,0.7192048947648493
302,0.6561757952460876
303,0.7071074486655836
304,0.8033552358404965
305,0.8153838477677173
306,0.9125851081624519
307,0.878478328735226
308,0.8763149444283412
309,1.0392082647351462
310,0.9694964653789038
311,0.9948212716082064
312,0.9266215139279307
313,0.2648060138532289
314,0.26251749441864547
315,0.24811688817557553
316,0.2334669634320503
317,0.17071291946974643
318,0.21570026623550853
319,0.21383415730148325
320,0.18410432192209114
321,0.2084420653628093
322,0.22806994591636331
323,0.2926476301333354
324,0.19668884251133634
325,0.18965421483277523
326,0.1611141579867088
327,0.05625179648722811
328,0.1375668644824397
329,0.1280115104970514
330,0.2337342781790147
331,0.08605280985221642
332,0.09543723344247113
333,0.06296917279036818
334,-0.009661321376944532
335,0.08977268878076394
336,0.05394743394187451
337,0.024835707650561634
338,0.05848991417158383
339,0.1629106191250862
340,0.27124181483652954
341,0.247111376366354
342,0.3097326174557026
343,0.46164407314045935
344,0.48066042667664666
345,0.47652628070325226
346,0.5826982351989004
347,0.5855905443680973
348,0.636059327421556
349,0.7192048947648493
350,0.6561757952460876
351,0.7071074486655836
352,0.8033552358404965
353,0.8153838477677173
354,0.9125851081624519
355,0.878478328735226
356,0.8763149444283412
357,1.0392082647351462
358,0.9694964653789038
359,0.9948212716082064
360,0.9266215139279307
361,0.767180914478423
362,0.6613127230415142
363,0.7640654138131922
364,0.7259422060799918
365,0.7076353565569692
366,0.76731634681582
367,0.7825198592526192
368,0.7707821913389821
369,0.6745454747849777
370,0.6924067842830756
371,0.714901506642987
372,0.7367372082258623
373,0.6528179834043725
374,0.6555535049418264
375,0.5968736085518788
376,0.579082227050867
377,0.6656262911197101
378,0.6783841739832915
379,0.5920703520122558
380,0.6305365112203917
381,0.582786562528012
382,0.5165165927737759
383,0.5507013283304336
384,0.5932526106308343
385,0.024835707650561634
386,0.05848991417158383
387,0.1629106191250862
388,0.27124181483652954
389,0.247111376366354
390,0.3097326174557026
391,0.46164407314045935
392,0.48066042667664666
393,0.47652628070325226
394,0.5826982351989004
395,0.5855905443680973
396,0.636059327421556
397,0.7192048947648493
398,0.6561757952460876
399,0.7071074486655836
400,0.8033552358404965
401,0.8153838477677173
402,0.9125851081624519
403,0.878478328735226
404,0.8763149444283412
405,1.0392082647351462
406,0.9694964653789038
407,0.9948212716082064
408,0.9266215139279307
409,0.767180914478423
410,0.6613127230415142
411,0.7640654138131922
412,0.7259422060799918
413,0.7076353565569692
414,0.76731634681582
415,0.7825198592526192
416,0.7707821913389821
417,0.6745454747849777
418,0.6924067842830756
419,0.714901506642987
420,0.7367372082258623
421,0.6528179834043725
422,0.6555535049418264
423,0.5968736085518788
424,0.579082227050867
425,0.6656262911197101
426,0.6783841739832915
427,0.5920703520122558
428,0.6305365112203917
429,0.582786562528012
430,0.5165165927737759
431,0.5507013283304336
432,0.5932526106308343
433,0.024835707650561634
434,0.05848991417158383
435,0.1629106191250862
436,0.27124181483652954
437,0.247111376366354
438,0.3097326174557026
439,0.46164407314045935
440,0.48066042667664666
441,0.47652628070325226
442,0.5826982351989004
443,0.5855905443680973
444,0.636059327421556
445,0.7192048947648493
446,0.6561757952460876
447,0.7071074486655836
448,0.8033552358404965
449,0.8153838477677173
450,0.9125851081624519
451,0.878478328735226
452,0.8763149444283412
453,1.0392082647351462
454,0.9694964653789038
455,0.9948212716082064
456,0.9266215139279307
457,0.767180914478423
458,0.6613127230415142
459,0.7640654138131922
460,0.7259422060799918
461,0.7076353565569692
462,0.76731634681582
463,0.7825198592526192
464,0.7707821913389821
465,0.6745454747849777
466,0.6924067842830756
467,0.714901506642987
468,0.7367372082258623
469,0.6528179834043725
470,0.6555535049418264
471,0.5968736085518788
472,0.579082227050867
473,0.6656262911197101
474,0.6783841739832915
475,0.5920703520122558
476,0.6305365112203917
477,0.582786562528012
478,0.5165165927737759
479,0.5507013283304336
480,0.5932526106308343
481,0.024835707650561634
482,0.05848991417158383
483,0.1629106191250862
484,0.27124181483652954
485,0.247111376366354
486,0.3097326174557026
487,0.46164407314045935
488,0.48066042667664666
489,0.47652628070325226
490,0.5826982351989004
491,0.5855905443680973
492,0.636059327421556
493,0.7192048947648493
494,0.6561757952460876
495,0.7071074486655836
496,0.8033552358404965
497,0.8153838477677173
498,0.9125851081624519
499,0.878478328735226
500,0.8763149444283412
501,1.0392082647351462
502,0.9694964653789038
503,0.9948212716082064
504,0.9266215139279307
505,0.4982086980445024
506,0.5776969136003514
507,0.3668739601389652
508,0.5362914453195688
509,0.4958338099841757
510,0.4717821648504831
511,0.4855579219545969
512,0.37483973965312745
513,0.45552275655423413
514,0.47572303165122365
515,0.5222330373098847
516,0.412046440956062
517,0.3863520151519776
518,0.3897486015957904
519,0.4479604631372839
520,0.40533011373788475
521,0.3485119898116482
522,0.38623554421041817
523,0.3505247355586746
524,0.378792115852435
525,0.27960210658176265
526,0.28238947317414365
527,0.263026140398405
528,0.1931750349009299
529,0.024835707650561634
530,0.05848991417158383
531,0.1629106191250862
532,0.27124181483652954
533,0.247111376366354
534,0.3097326174557026
535,0.46164407314045935
536,0.48066042667664666
537,0.47652628070325226
538,0.5826982351989004
539,0.5855905443680973
540,0.636059327421556
541,0.7192048947648493
542,0.6561757952460876
543,0.7071074486655836
544,0.8033552358404965
545,0.8153838477677173
546,0.9125851081624519
547,0.878478328735226
548,0.8763149444283412
549,1.0392082647351462
550,0.9694964653789038
551,0.9948212716082064
552,0.9266215139279307
553,0.4982086980445024
554,0.5776969136003514
555,0.3668739601389652
556,0.5362914453195688
557,0.4958338099841757
558,0.4717821648504831
559,0.4855579219545969
560,0.37483973965312745
561,0.45552275655423413
562,0.47572303165122365
563,0.5222330373098847
564,0.412046440956062
565,0.3863520151519776
566,0.3897486015957904
567,0.4479604631372839
568,0.40533011373788475
569,0.3485119898116482
570,0.38623554421041817
571,0.3505247355586746
572,0.378792115852435
573,0.27960210658176265
574,0.28238947317414365
575,0.263026140398405
576,0.1931750349009299
577,0.024835707650561634
578,0.05848991417158383
579,0.1629106191250862
580,0.27124181483652954
581,0.247111376366354
582,0.3097326174557026
583,0.46164407314045935
584,0.48066042667664666
585,0.47652628070325226
586,0.5826982351989004
587,0.5855905443680973
588,0.636059327421556
589,0.7192048947648493
590,0.6561757952460876
591,0.7071074486655836
592,0.8033552358404965
593,0.8153838477677173
594,0.9125851081624519
595,0.878478328735226
596,0.8763149444283412
597,1.0392082647351462
598,0.9694964653789038
599,0.9948212716082064
600,0.9266215139279307
601,0.2648060138532289
602,0.26251749441864547
603,0.24811688817557553
604,0.2334669634320503
605,0.17071291946974643
606,0.21570026623550853
607,0.21383415730148325
608,0.18410432192209114
609,0.2084420653628093
610,0.22806994591636331
611,0.2926476301333354
612,0.19668884251133634
613,0.18965421483277523
614,0.1611141579867088
615,0.05625179648722811
616,0.1375668644824397
617,0.1280115104970514
618,0.2337342781790147
619,0.08605280985221642
620,0.09543723344247113
621,0.06296917279036818
622,-0.009661321376944532
623,0.08977268878076394
624,0.05394743394187451
625,0.024835707650561634
626,0.05848991417158383
627,0.1629106191250862
628,0.27124181483652954
629,0.247111376366354
630,0.3097326174557026
631,0.46164407314045935
632,0.48066042667664666
633,0.47652628070325226
634,0.5826982351989004
635,0.5855905443680973
636,0.636059327421556
637,0.7192048947648493
638,0.6561757952460876
639,0.7071074486655836
640,0.8033552358404965
641,0.8153838477677173
642,0.9125851081624519
643,0.878478328735226
644,0.8763149444283412
645,1.0392082647351462
646,0.9694964653789038
647,0.9948212716082064
648,0.9266215139279307
649,0.2648060138532289
650,0.26251749441864547
651,0.24811688817557553
652,0.2334669634320503
653,0.17071291946974643
654,0.21570026623550853
655,0.21383415730148325
656,0.18410432192209114
657,0.2084420653628093
658,0.22806994591636331
659,0.2926476301333354
660,0.19668884251133634
661,0.18965421483277523
662,0.1611141579867088
663,0.05625179648722811
664,0.1375668644824397
665,0.1280115104970514
666,0.2337342781790147
667,0.08605280985221642
668,0.09543723344247113
669,0.06296917279036818
670,-0.009661321376944532
671,0.08977268878076394
672,0.05394743394187451
673,0.024835707650561634
674,0.05848991417158383
675,0.1629106191250862
676,0.27124181483652954
677,0.247111376366354
678,0.3097326174557026
679,0.46164407314045935
680,0.48066042667664666
681,0.47652628070325226
682,0.5826982351989004
683,0.5855905443680973
684,0.636059327421556
685,0.7192048947648493
686,0.6561757952460876
687,0.7071074486655836
688,0.8033552358404965
689,0.8153838477677173
690,0.9125851081624519
691,0.878478328735226
692,0.8763149444283412
693,1.0392082647351462
694,0.9694964653789038
695,0.9948212716082064
696,0.9266215139279307
697,0.9727808637737408
698,1.0050108602951442
699,0.9403115364723373
700,1.0139812210180912
701,0.961449522076327
702,0.9721478448841127
703,0.9508845525163518
704,1.066832094608619
705,0.965831489709213
706,0.9049818566278414
707,0.9894655806779683
708,0.8769177693711933
709,0.9372198750468748
710,0.8168529475810284
711,0.8357810548072587
712,0.8987356200483567
713,0.9119233289997706
714,0.8691405866142489
715,0.8398884439718605
716,0.8153046815463261
717,0.7407786617572589
718,0.7627803700842967
719,0.7595996095070235
720,0.8192068936184816
721,0.024835707650561634
722,0.05848991417158383
723,0.1629106191250862
724,0.27124181483652954
725,0.247111376366354
726,0.3097326174557026
727,0.46164407314045935
728,0.48066042667664666
729,0.47652628070325226
730,0.5826982351989004
731,0.5855905443680973
732,0.636059327421556
733,0.7192048947648493
734,0.6561757952460876
735,0.7071074486655836
736,0.8033552358404965
737,0.8153838477677173
738,0.9125851081624519
739,0.878478328735226
740,0.8763149444283412
741,1.0392082647351462
742,0.9694964653789038
743,0.9948212716082064
744,0.9266215139279307
745,0.9727808637737408
746,1.0050108602951442
747,0.9403115364723373
748,1.0139812210180912
749,0.961449522076327
750,0.9721478448841127
751,0.9508845525163518
752,1.066832094608619
753,0.965831489709213
754,0.9049818566278414
755,0.9894655806779683
756,0.8769177693711933
757,0.9372198750468748
758,0.8168529475810284
759,0.8357810548072587
760,0.8987356200483567
761,0.9119233289997706
762,0.8691405866142489
763,0.8398884439718605
764,0.8153046815463261
765,0.7407786617572589
766,0.7627803700842967
767,0.7595996095070235
768,0.8192068936184816
769,0.024835707650561634
770,0.05848991417158383
771,0.1629106191250862
772,0.27124181483652954
773,0.247111376366354
774,0.3097326174557026
775,0.46164407314045935
776,0.48066042667664666
777,0.47652628070325226
778,0.5826982351989004
779,0.5855905443680973
780,0.636059327421556
781,0.7192048947648493
782,0.6561757952460876
783,0.7071074486655836
784,0.8033552358404965
785,0.8153838477677173
786,0.9125851081624519
787,0.878478328735226
788,0.8763149444283412
789,1.0392082647351462
790,0.9694964653789038
791,0.9948212716082064
792,0.9266215139279307
793,0.2648060138532289
794,0.26251749441864547
795,0.24811688817557553
796,0.2334669634320503
797,0.17071291946974643
798,0.21570026623550853
799,0.21383415730148325
800,0.18410432192209114
801,0.2084420653628093
802,0.22806994591636331
803,0.2926476301333354
804,0.19668884251133634
805,0.18965421483277523
806,0.1611141579867088
807,0.05625179648722811
808,0.1375668644824397
809,0.1280115104970514
810,0.2337342781790147
811,0.08605280985221642
812,0.09543723344247113
813,0.06296917279036818
814,-0.009661321376944532
815,0.08977268878076394
816,0.05394743394187451
817,0.024835707650561634
818,0.05848991417158383
819,0.1629106191250862
820,0.27124181483652954
821,0.247111376366354
822,0.3097326174557026
823,0.46164407314045935
824,0.48066042667664666
825,0.47652628070325226
826,0.5826982351989004
827,0.5855905443680973
828,0.636059327421556
829,0.7192048947648493
830,0.6561757952460876
831,0.7071074486655836
832,0.8033552358404965
833,0.8153838477677173
834,0.9125851081624519
835,0.878478328735226
836,0.8763149444283412
837,1.0392082647351462
838,0.9694964653789038
839,0.9948212716082064
840,0.9266215139279307
841,0.4982086980445024
842,0.5776969136003514
843,0.3668739601389652
844,0.5362914453195688
845,0.4958338099841757
846,0.4717821648504831
847,0.4855579219545969
848,0.37483973965312745
849,0.45552275655423413
850,0.47572303165122365
851,0.5222330373098847
852,0.412046440956062
853,0.3863520151519776
854,0.3897486015957904
855,0.4479604631372839
856,0.40533011373788475
857,0.3485119898116482
858,0.38623554421041817
859,0.3505247355586746
860,0.378792115852435
861,0.27960210658176265
862,0.28238947317414365
863,0.263026140398405
864,0.1931750349009299
865,0.024835707650561634
866,0.05848991417158383
867,0.1629106191250862
868,0.27124181483652954
869,0.247111376366354
870,0.3097326174557026
871,0.46164407314045935
872,0.48066042667664666
873,0.47652628070325226
874,0.5826982351989004
875,0.5855905443680973
876,0.636059327421556
877,0.7192048947648493
878,0.6561757952460876
879,0.7071074486655836
880,0.8033552358404965
881,0.8153838477677173
882,0.9125851081624519
883,0.878478328735226
884,0.8763149444283412
885,1.0392082647351462
886,0.9694964653789038
887,0.9948212716082064
888,0.9266215139279307
889,0.767180914478423
890,0.6613127230415142
891,0.7640654138131922
892,0.7259422060799918
893,0.7076353565569692
894,0.76731634681582
895,0.7825198592526192
896,0.7707821913389821
897,0.6745454747849777
898,0.6924067842830756
899,0.714901506642987
900,0.7367372082258623
901,0.6528179834043725
902,0.6555535049418264
903,0.5968736085518788
904,0.579082227050867
905,0.6656262911197101
906,0.6783841739832915
907,0.5920703520122558
908,0.6305365112203917
909,0.582786562528012
910,0.5165165927737759
911,0.5507013283304336
912,0.5932526106308343
913,0.024835707650561634
914,0.05848991417158383
915,0.1629106191250862
916,0.27124181483652954
917,0.247111376366354
918,0.3097326174557026
919,0.46164407314045935
920,0.48066042667664666
921,0.47652628070325226
922,0.5826982351989004
923,0.5855905443680973
924,0.636059327421556
925,0.7192048947648493
926,0.6561757952460876
927,0.7071074486655836
928,0.8033552358404965
929,0.8153838477677173
930,0.9125851081624519
931,0.878478328735226
932,0.8763149444283412
933,1.0392082647351462
934,0.9694964653789038
935,0.9948212716082064
936,0.9266215139279307
937,0.2648060138532289
938,0.26251749441864547
939,0.24811688817557553
940,0.2334669634320503
941,0.17071291946974643
942,0.21570026623550853
943,0.21383415730148325
944,0.18410432192209114
945,0.2084420653628093
946,0.22806994591636331
947,0.2926476301333354
948,0.19668884251133634
949,0.18965421483277523
950,0.1611141579867088
951,0.05625179648722811
952,0.1375668644824397
953,0.1280115104970514
954,0.2337342781790147
955,0.08605280985221642
956,0.09543723344247113
957,0.06296917279036818
958,-0.009661321376944532
959,0.08977268878076394
960,0.05394743394187451
961,0.024835707650561634
962,0.05848991417158383
963,0.1629106191250862
964,0.27124181483652954
965,0.247111376366354
966,0.3097326174557026
967,0.46164407314045935
968,0.48066042667664666
969,0.47652628070325226
970,0.5826982351989004
971,0.5855905443680973
972,0.636059327421556
973,0.7192048947648493
974,0.6561757952460876
975,0.7071074486655836
976,0.8033552358404965
977,0.8153838477677173
978,0.9125851081624519
979,0.878478328735226
980,0.8763149444283412
981,1.0392082647351462
982,0.9694964653789038
983,0.9948212716082064
984,0.9266215139279307
985,0.9727808637737408
986,1.0050108602951442
987,0.9403115364723373
988,1.0139812210180912
989,0.961449522076327
990,0.9721478448841127
991,0.9508845525163518
992,1.066832094608619
993,0.965831489709213
994,0.9049818566278414
995,0.9894655806779683
996,0.8769177693711933
997,0.9372198750468748
998,0.8168529475810284
999,0.8357810548072587
1000,0.8987356200483567
1001,0.9119233289997706
1002,0.8691405866142489
1003,0.8398884439718605
1004,0.8153046815463261
1005,0.7407786617572589
1006,0.7627803700842967
1007,0.7595996095070235
1008,0.8192068936184816
1009,0.024835707650561634
1010,0.05848991417158383
1011,0.1629106191250862
1012,0.27124181483652954
1013,0.247111376366354
1014,0.3097326174557026
1015,0.46164407314045935
1016,0.48066042667664666
1017,0.47652628070325226
1018,0.5826982351989004
1019,0.5855905443680973
1020,0.636059327421556
1021,0.7192048947648493
1022,0.6561757952460876
1023,0.7071074486655836
1024,0.8033552358404965
1025,0.8153838477677173
1026,0.9125851081624519
1027,0.878478328735226
1028,0.8763149444283412
1029,1.0392082647351462
1030,0.9694964653789038
1031,0.9948212716082064
1032,0.9266215139279307
1033,0.4982086980445024
1034,0.5776969136003514
1035,0.3668739601389652
1036,0.5362914453195688
1037,0.4958338099841757
1038,0.4717821648504831
1039,0.4855579219545969
1040,0.37483973965312745
1041,0.45552275655423413
1042,0.47572303165122365
1043,0.5222330373098847
1044,0.412046440956062
1045,0.3863520151519776
1046,0.3897486015957904
1047,0.4479604631372839
1048,0.40533011373788475
1049,0.3485119898116482
1050,0.38623554421041817
1051,0.3505247355586746
1052,0.378792115852435
1053,0.27960210658176265
1054,0.28238947317414365
1055,0.263026140398405
1056,0.1931750349009299
1057,0.024835707650561634
1058,0.05848991417158383
1059,0.1629106191250862
1060,0.27124181483652954
1061,0.247111376366354
1062,0.3097326174557026
1063,0.46164407314045935
1064,0.48066042667664666
1065,0.47652628070325226
1066,0.5826982351989004
1067,0.5855905443680973
1068,0.636059327421556
1069,0.7192048947648493
1070,0.6561757952460876
1071,0.7071074486655836
1072,0.8033552358404965
1073,0.8153838477677173
1074,0.9125851081624519
1075,0.878478328735226
1076,0.8763149444283412
1077,1.0392082647351462
1078,0.9694964653789038
1079,0.9948212716082064
1080,0.9266215139279307
1081,0.2648060138532289
1082,0.26251749441864547
1083,0.24811688817557553
1084,0.2334669634320503
1085,0.17071291946974643
1086,0.21570026623550853
1087,0.21383415730148325
1088,0.18410432192209114
1089,0.2084420653628093
1090,0.22806994591636331
1091,0.2926476301333354
1092,0.19668884251133634
1093,0.18965421483277523
1094,0.1611141579867088
1095,0.05625179648722811
1096,0.1375668644824397
1097,0.1280115104970514
1098,0.2337342781790147
1099,0.08605280985221642
1100,0.09543723344247113
1101,0.06296917279036818
1102,-0.009661321376944532
1103,0.08977268878076394
1104,0.05394743394187451
1105,0.024835707650561634
1106,0.05848991417158383
1107,0.1629106191250862
1108,0.27124181483652954
1109,0.247111376366354
1110,0.3097326174557026
1111,0.46164407314045935
1112,0.48066042667664666
1113,0.47652628070325226
1114,0.5826982351989004
1115,0.5855905443680973
1116,0.636059327421556
1117,0.7192048947648493
1118,0.6561757952460876
1119,0.7071074486655836
1120,0.8033552358404965
1121,0.8153838477677173
1122,0.9125851081624519
1123,0.878478328735226
1124,0.8763149444283412
1125,1.0392082647351462
1126,0.9694964653789038
1127,0.9948212716082064
1128,0.9266215139279307
1129,0.2648060138532289
1130,0.26251749441864547
1131,0.24811688817557553
1132,0.2334669634320503
1133,0.17071291946974643
1134,0.21570026623550853
1135,0.21383415730148325
1136,0.18410432192209114
1137,0.2084420653628093
1138,0.22806994591636331
1139,0.2926476301333354
1140,0.19668884251133634
1141,0.18965421483277523
1142,0.1611141579867088
1143,0.05625179648722811
1144,0.1375668644824397
1145,0.1280115104970514
1146,0.2337342781790147
1147,0.08605280985221642
1148,0.09543723344247113
1149,0.06296917279036818
1150,-0.009661321376944532
1151,0.08977268878076394
1152,0.05394743394187451
1153,0.024835707650561634
1154,0.05848991417158383
1155,0.1629106191250862
1156,0.27124181483652954
1157,0.247111376366354
1158,0.3097326174557026
1159,0.46164407314045935
1160,0.48066042667664666
1161,0.47652628070325226
1162,0.5826982351989004
1163,0.5855905443680973
1164,0.636059327421556
1165,0.7192048947648493
1166,0.6561757952460876
1167,0.7071074486655836
1168,0.8033552358404965
1169,0.8153838477677173
1170,0.9125851081624519
1171,0.878478328735226
1172,0.8763149444283412
1173,1.0392082647351462
1174,0.9694964653789038
1175,0.9948212716082064
1176,0.9266215139279307
1177,0.4982086980445024
1178,0.5776969136003514
1179,0.3668739601389652
1180,0.5362914453195688
1181,0.4958338099841757
1182,0.4717821648504831
1183,0.4855579219545969
1184,0.37483973965312745
1185,0.45552275655423413
1186,0.47572303165122365
1187,0.5222330373098847
1188,0.412046440956062
1189,0.3863520151519776
1190,0.3897486015957904
1191,0.4479604631372839
1192,0.40533011373788475
1193,0.3485119898116482
1194,0.38623554421041817
1195,0.3505247355586746
1196,0.378792115852435
1197,0.27960210658176265
1198,0.28238947317414365
1199,0.263026140398405
1200,0.1931750349009299
1201,0.024835707650561634
1202,0.05848991417158383
1203,0.1629106191250862
1204,0.27124181483652954
1205,0.247111376366354
1206,0.3097326174557026
1207,0.46164407314045935
1208,0.48066042667664666
1209,0.47652628070325226
1210,0.5826982351989004
1211,0.5855905443680973
1212,0.636059327421556
1213,0.7192048947648493
1214,0.6561757952460876
1215,0.7071074486655836
1216,0.8033552358404965
1217,0.8153838477677173
1218,0.9125851081624519
1219,0.878478328735226
1220,0.8763149444283412
1221,1.0392082647351462
1222,0.9694964653789038
1223,0.9948212716082064
1224,0.9266215139279307
1225,0.2648060138532289
1226,0.26251749441864547
1227,0.24811688817557553
1228,0.2334669634320503
1229,0.17071291946974643
1230,0.21570026623550853
1231,0.21383415730148325
1232,0.18410432192209114
1233,0.2084420653628093
1234,0.22806994591636331
1235,0.2926476301333354
1236,0.19668884251133634
1237,0.18965421483277523
1238,0.1611141579867088
1239,0.05625179648722811
1240,0.1375668644824397
1241,0.1280115104970514
1242,0.2337342781790147
1243,0.08605280985221642
1244,0.09543723344247113
1245,0.06296917279036818
1246,-0.009661321376944532
1247,0.08977268878076394
1248,0.05394743394187451
1249,0.024835707650561634
1250,0.05848991417158383
1251,0.1629106191250862
1252,0.27124181483652954
1253,0.247111376366354
1254,0.3097326174557026
1255,0.46164407314045935
1256,0.48066042667664666
1257,0.47652628070325226
1258,0.5826982351989004
1259,0.5855905443680973
1260,0.636059327421556
1261,0.7192048947648493
1262,0.6561757952460876
1263,0.7071074486655836
1264,0.8033552358404965
1265,0.8153838477677173
1266,0.9125851081624519
1267,0.878478328735226
1268,0.8763149444283412
1269,1.0392082647351462
1270,0.9694964653789038
1271,0.9948212716082064
1272,0.9266215139279307
1273,0.4982086980445024
1274,0.5776969136003514
1275,0.3668739601389652
1276,0.5362914453195688
1277,0.4958338099841757
1278,0.4717821648504831
1279,0.4855579219545969
1280,0.37483973965312745
1281,0.45552275655423413
1282,0.47572303165122365
1283,0.5222330373098847
1284,0.412046440956062
1285,0.3863520151519776
1286,0.3897486015957904
1287,0.4479604631372839
1288,0.40533011373788475
1289,0.3485119898116482
1290,0.38623554421041817
1291,0.3505247355586746
1292,0.378792115852435
1293,0.27960210658176265
1294,0.28238947317414365
1295,0.263026140398405
1296,0.1931750349009299
1297,0.024835707650561634
1298,0.05848991417158383
1299,0.1629106191250862
1300,0.27124181483652954
1301,0.247111376366354
1302,0.3097326174557026
1303,0.46164407314045935
1304,0.48066042667664666
1305,0.47652628070325226
1306,0.5826982351989004
1307,0.5855905443680973
1308,0.636059327421556
1309,0.7192048947648493
1310,0.6561757952460876
1311,0.7071074486655836
1312,0.8033552358404965
1313,0.8153838477677173
1314,0.9125851081624519
1315,0.878478328735226
1316,0.8763149444283412
1317,1.0392082647351462
1318,0.9694964653789038
1319,0.9948212716082064
1320,0.9266215139279307
1321,0.767180914478423
1322,0.6613127230415142
1323,0.7640654138131922
1324,0.7259422060799918
1325,0.7076353565569692
1326,0.76731634681582
1327,0.7825198592526192
1328,0.7707821913389821
1329,0.6745454747849777
1330,0.6924067842830756
1331,0.714901506642987
1332,0.7367372082258623
1333,0.6528179834043725
1334,0.6555535049418264
1335,0.5968736085518788
1336,0.579082227050867
1337,0.6656262911197101
1338,0.6783841739832915
1339,0.5920703520122558
1340,0.6305365112203917
1341,0.582786562528012
1342,0.5165165927737759
1343,0.5507013283304336
1344,0.5932526106308343
1345,0.024835707650561634
1346,0.05848991417158383
1347,0.1629106191250862
1348,0.27124181483652954
1349,0.247111376366354
1350,0.3097326174557026
1351,0.46164407314045935
1352,0.48066042667664666
1353,0.47652628070325226
1354,0.5826982351989004
1355,0.5855905443680973
1356,0.636059327421556
1357,0.7192048947648493
1358,0.6561757952460876
1359,0.7071074486655836
1360,0.8033552358404965
1361,0.8153838477677173
1362,0.9125851081624519
1363,0.878478328735226
1364,0.8763149444283412
1365,1.0392082647351462
1366,0.9694964653789038
1367,0.9948212716082064
1368,0.9266215139279307
1369,0.4982086980445024
1370,0.5776969136003514
1371,0.3668739601389652
1372,0.5362914453195688
1373,0.4958338099841757
1374,0.4717821648504831
1375,0.4855579219545969
1376,0.37483973965312745
1377,0.45552275655423413
1378,0.47572303165122365
1379,0.5222330373098847
1380,0.412046440956062
1381,0.3863520151519776
1382,0.3897486015957904
1383,0.4479604631372839
1384,0.40533011373788475
1385,0.3485119898116482
1386,0.38623554421041817
1387,0.3505247355586746
1388,0.378792115852435
1389,0.27960210658176265
1390,0.28238947317414365
1391,0.263026140398405
1392,0.1931750349009299
1393,0.024835707650561634
1394,0.05848991417158383
1395,0.1629106191250862
1396,0.27124181483652954
1397,0.247111376366354
1398,0.3097326174557026
1399,0.46164407314045935
1400,0.48066042667664666
1401,0.47652628070325226
1402,0.5826982351989004
1403,0.5855905443680973
1404,0.636059327421556
1405,0.7192048947648493
1406,0.6561757952460876
1407,0.7071074486655836
1408,0.8033552358404965
1409,0.8153838477677173
1410,0.9125851081624519
1411,0.878478328735226
1412,0.8763149444283412
1413,1.0392082647351462
1414,0.9694964653789038
1415,0.9948212716082064
1416,0.9266215139279307
1417,0.4982086980445024
1418,0.5776969136003514
1419,0.3668739601389652
1420,0.5362914453195688
1421,0.4958338099841757
1422,0.4717821648504831
1423,0.4855579219545969
1424,0.37483973965312745
1425,0.45552275655423413
1426,0.47572303165122365
1427,0.5222330373098847
1428,0.412046440956062
1429,0.3863520151519776
1430,0.3897486015957904
1431,0.4479604631372839
1432,0.40533011373788475
1433,0.3485119898116482
1434,0.38623554421041817
1435,0.3505247355586746
1436,0.378792115852435
1437,0.27960210658176265
1438,0.28238947317414365
1439,0.263026140398405
1440,0.1931750349009299
1441,0.024835707650561634
1442,0.05848991417158383
1443,0.1629106191250862
1444,0.27124181483652954
1445,0.247111376366354
1446,0.3097326174557026
1447,0.46164407314045935
1448,0.48066042667664666
1449,0.47652628070325226
1450,0.5826982351989004
1451,0.5855905443680973
1452,0.636059327421556
1453,0.7192048947648493
1454,0.6561757952460876
1455,0.7071074486655836
1456,0.8033552358404965
1457,0.8153838477677173
1458,0.9125851081624519
1459,0.878478328735226
1460,0.8763149444283412
1461,1.0392082647351462
1462,0.9694964653789038
1463,0.9948212716082064
1464,0.9266215139279307
1465,0.4982086980445024
1466,0.5776969136003514
1467,0.3668739601389652
1468,0.5362914453195688
1469,0.4958338099841757
1470,0.4717821648504831
1471,0.4855579219545969
1472,0.37483973965312745
1473,0.45552275655423413
1474,0.47572303165122365
1475,0.5222330373098847
1476,0.412046440956062
1477,0.3863520151519776
1478,0.3897486015957904
1479,0.4479604631372839
1480,0.40533011373788475
1481,0.3485119898116482
1482,0.38623554421041817
1483,0.3505247355586746
1484,0.378792115852435
1485,0.27960210658176265
1486,0.28238947317414365
1487,0.263026140398405
1488,0.1931750349009299
1489,0.024835707650561634
1490,0.05848991417158383
1491,0.1629106191250862
1492,0.27124181483652954
1493,0.247111376366354
1494,0.3097326174557026
1495,0.46164407314045935
1496,0.48066042667664666
1497,0.47652628070325226
1498,0.5826982351989004
1499,0.5855905443680973
1500,0.636059327421556
1501,0.7192048947648493
1502,0.6561757952460876
1503,0.7071074486655836
1504,0.8033552358404965
1505,0.8153838477677173
1506,0.9125851081624519
1507,0.878478328735226
1508,0.8763149444283412
1509,1.0392082647351462
1510,0.9694964653789038
1511,0.9948212716082064
1512,0.9266215139279307
1513,0.2648060138532289
1514,0.26251749441864547
1515,0.24811688817557553
1516,0.2334669634320503
1517,0.17071291946974643
1518,0.21570026623550853
1519,0.21383415730148325
1520,0.18410432192209114
1521,0.2084420653628093
1522,0.22806994591636331
1523,0.2926476301333354
1524,0.19668884251133634
1525,0.18965421483277523
1526,0.1611141579867088
1527,0.05625179648722811
1528,0.1375668644824397
1529,0.1280115104970514
1530,0.2337342781790147
1531,0.08605280985221642
1532,0.09543723344247113
1533,0.06296917279036818
1534,-0.009661321376944532
1535,0.08977268878076394
1536,0.05394743394187451
1537,0.024835707650561634
1538,0.05848991417158383
1539,0.1629106191250862
1540,0.27124181483652954
1541,0.247111376366354
1542,0.3097326174557026
1543,0.46164407314045935
1544,0.48066042667664666
1545,0.47652628070325226
1546,0.5826982351989004
1547,0.5855905443680973
1548,0.636059327421556
1549,0.7192048947648493
1550,0.6561757952460876
1551,0.7071074486655836
1552,0.8033552358404965
1553,0.8153838477677173
1554,0.9125851081624519
1555,0.878478328735226
1556,0.8763149444283412
1557,1.0392082647351462
1558,0.9694964653789038
1559,0.9948212716082064
1560,0.9266215139279307
1561,0.2648060138532289
1562,0.26251749441864547
1563,0.24811688817557553
1564,0.2334669634320503
1565,0.17071291946974643
1566,0.21570026623550853
1567,0.21383415730148325
1568,0.18410432192209114
1569,0.2084420653628093
1570,0.22806994591636331
1571,0.2926476301333354
1572,0.19668884251133634
1573,0.18965421483277523
1574,0.1611141579867088
1575,0.05625179648722811
1576,0.1375668644824397
1577,0.1280115104970514
1578,0.2337342781790147
1579,0.08605280985221642
1580,0.09543723344247113
1581,0.06296917279036818
1582,-0.009661321376944532
1583,0.08977268878076394
1584,0.05394743394187451
1585,0.024835707650561634
1586,0.05848991417158383
1587,0.1629106191250862
1588,0.27124181483652954
1589,0.247111376366354
1590,0.3097326174557026
1591,0.46164407314045935
1592,0.48066042667664666
1593,0.47652628070325226
1594,0.5826982351989004
1595,0.5855905443680973
1596,0.636059327421556
1597,0.7192048947648493
1598,0.6561757952460876
1599,0.7071074486655836
1600,0.8033552358404965
1601,0.8153838477677173
1602,0.9125851081624519
1603,0.878478328735226
1604,0.8763149444283412
1605,1.0392082647351462
1606,0.9694964653789038
1607,0.9948212716082064
1608,0.9266215139279307
1609,0.4982086980445024
1610,0.5776969136003514
1611,0.3668739601389652
1612,0.5362914453195688
1613,0.4958338099841757
1614,0.4717821648504831
1615,0.4855579219545969
1616,0.37483973965312745
1617,0.45552275655423413
1618,0.47572303165122365
1619,0.5222330373098847
1620,0.412046440956062
1621,0.3863520151519776
1622,0.3897486015957904
1623,0.4479604631372839
1624,0.40533011373788475
1625,0.3485119898116482
1626,0.38623554421041817
1627,0.3505247355586746
1628,0.378792115852435
1629,0.27960210658176265
1630,0.28238947317414365
1631,0.263026140398405
1632,0.1931750349009299
1633,0.024835707650561634
1634,0.05848991417158383
1635,0.1629106191250862
1636,0.27124181483652954
1637,0.247111376366354
1638,0.3097326174557026
1639,0.46164407314045935
1640,0.48066042667664666
1641,0.47652628070325226
1642,0.5826982351989004
1643,0.5855905443680973
1644,0.636059327421556
1645,0.7192048947648493
1646,0.6561757952460876
1647,0.7071074486655836
1648,0.8033552358404965
1649,0.8153838477677173
1650,0.9125851081624519
1651,0.878478328735226
1652,0.8763149444283412
1653,1.0392082647351462
1654,0.9694964653789038
1655,0.9948212716082064
1656,0.9266215139279307
1657,0.2648060138532289
1658,0.26251749441864547
1659,0.24811688817557553
1660,0.2334669634320503
1661,0.17071291946974643
1662,0.21570026623550853
1663,0.21383415730148325
1664,0.18410432192209114
1665,0.2084420653628093
1666,0.22806994591636331
1667,0.2926476301333354
1668,0.19668884251133634
1669,0.18965421483277523
1670,0.1611141579867088
1671,0.05625179648722811
1672,0.1375668644824397
1673,0.1280115104970514
1674,0.2337342781790147
1675,0.08605280985221642
1676,0.09543723344247113
1677,0.06296917279036818
1678,-0.009661321376944532
1679,0.08977268878076394
1680,0.05394743394187451
1681,0.024835707650561634
1682,0.05848991417158383
1683,0.1629106191250862
1684,0.27124181483652954
1685,0.247111376366354
1686,0.3097326174557026
1687,0.46164407314045935
1688,0.48066042667664666
1689,0.47652628070325226
1690,0.5826982351989004
1691,0.5855905443680973
1692,0.636059327421556
1693,0.7192048947648493
1694,0.6561757952460876
1695,0.7071074486655836
1696,0.8033552358404965
1697,0.8153838477677173
1698,0.9125851081624519
1699,0.878478328735226
1700,0.8763149444283412
1701,1.0392082647351462
1702,0.9694964653789038
1703,0.9948212716082064
1704,0.9266215139279307
1705,0.9727808637737408
1706,1.0050108602951442
1707,0.9403115364723373
1708,1.0139812210180912
1709,0.961449522076327
1710,0.9721478448841127
1711,0.9508845525163518
1712,1.066832094608619
1713,0.965831489709213
1714,0.9049818566278414
1715,0.9894655806779683
1716,0.8769177693711933
1717,0.9372198750468748
1718,0.8168529475810284
1719,0.8357810548072587
1720,0.8987356200483567
1721,0.9119233289997706
1722,0.8691405866142489
1723,0.8398884439718605
1724,0.8153046815463261
1725,0.7407786617572589
1726,0.7627803700842967
1727,0.7595996095070235
1728,0.8192068936184816
1729,0.024835707650561634
1730,0.05848991417158383
1731,0.1629106191250862
1732,0.27124181483652954
1733,0.247111376366354
1734,0.3097326174557026
1735,0.46164407314045935
1736,0.48066042667664666
1737,0.47652628070325226
1738,0.5826982351989004
1739,0.5855905443680973
1740,0.636059327421556
1741,0.7192048947648493
1742,0.6561757952460876
1743,0.7071074486655836
1744,0.8033552358404965
1745,0.8153838477677173
1746,0.9125851081624519
1747,0.878478328735226
1748,0.8763149444283412
1749,1.0392082647351462
1750,0.9694964653789038
1751,0.9948212716082064
1752,0.9266215139279307
1753,0.9727808637737408
1754,1.0050108602951442
1755,0.9403115364723373
1756,1.0139812210180912
1757,0.961449522076327
1758,0.9721478448841127
1759,0.9508845525163518
1760,1.066832094608619
1761,0.965831489709213
1762,0.9049818566278414
1763,0.9894655806779683
1764,0.8769177693711933
1765,0.9372198750468748
1766,0.8168529475810284
1767,0.8357810548072587
1768,0.8987356200483567
1769,0.9119233289997706
1770,0.8691405866142489
1771,0.8398884439718605
1772,0.8153046815463261
1773,0.7407786617572589
1774,0.7627803700842967
1775,0.7595996095070235
1776,0.8192068936184816
1777,0.024835707650561634
1778,0.05848991417158383
1779,0.1629106191250862
1780,0.27124181483652954
1781,0.247111376366354
1782,0.3097326174557026
1783,0.46164407314045935
1784,0.48066042667664666
1785,0.47652628070325226
1786,0.5826982351989004
1787,0.5855905443680973
1788,0.636059327421556
1789,0.7192048947648493
1790,0.6561757952460876
1791,0.7071074486655836
1792,0.8033552358404965
1793,0.8153838477677173
1794,0.9125851081624519
1795,0.878478328735226
1796,0.8763149444283412
1797,1.0392082647351462
1798,0.9694964653789038
1799,0.9948212716082064
1800,0.9266215139279307
1801,0.2648060138532289
1802,0.26251749441864547
1803,0.24811688817557553
1804,0.2334669634320503
1805,0.17071291946974643
1806,0.21570026623550853
1807,0.21383415730148325
1808,0.18410432192209114
1809,0.2084420653628093
1810,0.22806994591636331
1811,0.2926476301333354
1812,0.19668884251133634
1813,0.18965421483277523
1814,0.1611141579867088
1815,0.05625179648722811
1816,0.1375668644824397
1817,0.1280115104970514
1818,0.2337342781790147
1819,0.08605280985221642
1820,0.09543723344247113
1821,0.06296917279036818
1822,-0.009661321376944532
1823,0.08977268878076394
1824,0.05394743394187451
1825,0.024835707650561634
1826,0.05848991417158383
1827,0.1629106191250862
1828,0.27124181483652954
1829,0.247111376366354
1830,0.3097326174557026
1831,0.46164407314045935
1832,0.48066042667664666
1833,0.47652628070325226
1834,0.5826982351989004
1835,0.5855905443680973
1836,0.636059327421556
1837,0.7192048947648493
1838,0.6561757952460876
1839,0.7071074486655836
1840,0.8033552358404965
1841,0.8153838477677173
1842,0.9125851081624519
1843,0.878478328735226
1844,0.8763149444283412
1845,1.0392082647351462
1846,0.9694964653789038
1847,0.9948212716082064
1848,0.9266215139279307
1849,0.2648060138532289
1850,0.26251749441864547
1851,0.24811688817557553
1852,0.2334669634320503
1853,0.17071291946974643
1854,0.21570026623550853
1855,0.21383415730148325
1856,0.18410432192209114
1857,0.2084420653628093
1858,0.22806994591636331
1859,0.2926476301333354
1860,0.19668884251133634
1861,0.18965421483277523
1862,0.1611141579867088
1863,0.05625179648722811
1864,0.1375668644824397
1865,0.1280115104970514
1866,0.2337342781790147
1867,0.08605280985221642
1868,0.09543723344247113
1869,0.06296917279036818
1870,-0.009661321376944532
1871,0.08977268878076394
1872,0.05394743394187451
1873,0.024835707650561634
1874,0.05848991417158383
1875,0.1629106191250862
1876,0.27124181483652954
1877,0.247111376366354
1878,0.3097326174557026
1879,0.46164407314045935
1880,0.48066042667664666
1881,0.47652628070325226
1882,0.5826982351989004
1883,0.5855905443680973
1884,0.636059327421556
1885,0.7192048947648493
1886,0.6561757952460876
1887,0.7071074486655836
1888,0.8033552358404965
1889,0.8153838477677173
1890,0.9125851081624519
1891,0.878478328735226
1892,0.8763149444283412
1893,1.0392082647351462
1894,0.9694964653789038
1895,0.9948212716082064
1896,0.9266215139279307
1897,0.4982086980445024
1898,0.5776969136003514
1899,0.3668739601389652
1900,0.5362914453195688
1901,0.4958338099841757
1902,0.4717821648504831
1903,0.4855579219545969
1904,0.37483973965312745
1905,0.45552275655423413
1906,0.47572303165122365
1907,0.5222330373098847
1908,0.412046440956062
1909,0.3863520151519776
1910,0.3897486015957904
1911,0.4479604631372839
1912,0.40533011373788475
1913,0.3485119898116482
1914,0.38623554421041817
1915,0.3505247355586746
1916,0.378792115852435
1917,0.27960210658176265
1918,0.28238947317414365
1919,0.263026140398405
1920,0.1931750349009299
1921,0.024835707650561634
1922,0.05848991417158383
1923,0.1629106191250862
1924,0.27124181483652954
1925,0.247111376366354
1926,0.3097326174557026
1927,0.46164407314045935
1928,0.48066042667664666
1929,0.47652628070325226
1930,0.5826982351989004
1931,0.5855905443680973
1932,0.636059327421556
1933,0.7192048947648493
1934,0.6561757952460876
1935,0.7071074486655836
1936,0.8033552358404965
1937,0.8153838477677173
1938,0.9125851081624519
1939,0.878478328735226
1940,0.8763149444283412
1941,1.0392082647351462
1942,0.9694964653789038
1943,0.9948212716082064
1944,0.9266215139279307
1945,0.767180914478423
1946,0.6613127230415142
1947,0.7640654138131922
1948,0.7259422060799918
1949,0.7076353565569692
1950,0.76731634681582
1951,0.7825198592526192
1952,0.7707821913389821
1953,0.6745454747849777
1954,0.6924067842830756
1955,0.714901506642987
1956,0.7367372082258623
1957,0.6528179834043725
1958,0.6555535049418264
1959,0.5968736085518788
1960,0.579082227050867
1961,0.6656262911197101
1962,0.6783841739832915
1963,0.5920703520122558
1964,0.6305365112203917
1965,0.582786562528012
1966,0.5165165927737759
1967,0.5507013283304336
1968,0.5932526106308343
1969,0.024835707650561634
1970,0.05848991417158383
1971,0.1629106191250862
1972,0.27124181483652954
1973,0.247111376366354
1974,0.3097326174557026
1975,0.46164407314045935
1976,0.48066042667664666
1977,0.47652628070325226
1978,0.5826982351989004
1979,0.5855905443680973
1980,0.636059327421556
1981,0.7192048947648493
1982,0.6561757952460876
1983,0.7071074486655836
1984,0.8033552358404965
1985,0.8153838477677173
1986,0.9125851081624519
1987,0.878478328735226
1988,0.8763149444283412
1989,1.0392082647351462
1990,0.9694964653789038
1991,0.9948212716082064
1992,0.9266215139279307
1993,0.2648060138532289
1994,0.26251749441864547
1995,0.24811688817557553
1996,0.2334669634320503
1997,0.17071291946974643
1998,0.21570026623550853
1999,0.21383415730148325
2000,0.18410432192209114
2001,0.2084420653628093
2002,0.22806994591636331
2003,0.2926476301333354
2004,0.19668884251133634
2005,0.18965421483277523
2006,0.1611141579867088
2007,0.05625179648722811
2008,0.1375668644824397
2009,0.1280115104970514
2010,0.2337342781790147
2011,0.08605280985221642
2012,0.09543723344247113
2013,0.06296917279036818
2014,-0.009661321376944532
2015,0.08977268878076394
2016,0.05394743394187451
2017,0.024835707650561634
2018,0.05848991417158383
2019,0.1629106191250862
2020,0.27124181483652954
2021,0.247111376366354
2022,0.3097326174557026
2023,0.46164407314045935
2024,0.48066042667664666
2025,0.47652628070325226
2026,0.5826982351989004
2027,0.5855905443680973
2028,0.636059327421556
2029,0.7192048947648493
2030,0.6561757952460876
2031,0.7071074486655836
2032,0.8033552358404965
2033,0.8153838477677173
2034,0.9125851081624519
2035,0.878478328735226
2036,0.8763149444283412
2037,1.0392082647351462
2038,0.9694964653789038
2039,0.9948212716082064
2040,0.9266215139279307
2041,0.9727808637737408
2042,1.0050108602951442
2043,0.9403115364723373
2044,1.0139812210180912
2045,0.961449522076327
2046,0.9721478448841127
2047,0.9508845525163518
2048,1.066832094608619
2049,0.965831489709213
2050,0.9049818566278414
2051,0.9894655806779683
2052,0.8769177693711933
2053,0.9372198750468748
2054,0.8168529475810284
2055,0.8357810548072587
2056,0.8987356200483567
2057,0.9119233289997706
2058,0.8691405866142489
2059,0.8398884439718605
2060,0.8153046815463261
2061,0.7407786617572589
2062,0.7627803700842967
2063,0.7595996095070235
2064,0.8192068936184816
2065,0.024835707650561634
2066,0.05848991417158383
2067,0.1629106191250862
2068,0.27124181483652954
2069,0.247111376366354
2070,0.3097326174557026
2071,0.46164407314045935
2072,0.48066042667664666
2073,0.47652628070325226
2074,0.5826982351989004
2075,0.5855905443680973
2076,0.636059327421556
2077,0.7192048947648493
2078,0.6561757952460876
2079,0.7071074486655836
2080,0.8033552358404965
2081,0.8153838477677173
2082,0.9125851081624519
2083,0.878478328735226
2084,0.8763149444283412
2085,1.0392082647351462
2086,0.9694964653789038
2087,0.9948212716082064
2088,0.9266215139279307
2089,0.4982086980445024
2090,0.5776969136003514
2091,0.3668739601389652
2092,0.5362914453195688
2093,0.4958338099841757
2094,0.4717821648504831
2095,0.4855579219545969
2096,0.37483973965312745
2097,0.45552275655423413
2098,0.47572303165122365
2099,0.5222330373098847
2100,0.412046440956062
2101,0.3863520151519776
2102,0.3897486015957904
2103,0.4479604631372839
2104,0.40533011373788475
2105,0.3485119898116482
2106,0.38623554421041817
2107,0.3505247355586746
2108,0.378792115852435
2109,0.27960210658176265
2110,0.28238947317414365
2111,0.263026140398405
2112,0.1931750349009299
2113,0.024835707650561634
2114,0.05848991417158383
2115,0.1629106191250862
2116,0.27124181483652954
2117,0.247111376366354
2118,0.3097326174557026
2119,0.46164407314045935
2120,0.48066042667664666
2121,0.47652628070325226
2122,0.5826982351989004
2123,0.5855905443680973
2124,0.636059327421556
2125,0.7192048947648493
2126,0.6561757952460876
2127,0.7071074486655836
2128,0.8033552358404965
2129,0.8153838477677173
2130,0.9125851081624519
2131,0.878478328735226
2132,0.8763149444283412
2133,1.0392082647351462
2134,0.9694964653789038
2135,0.9948212716082064
2136,0.9266215139279307
2137,0.2648060138532289
2138,0.26251749441864547
2139,0.24811688817557553
2140,0.2334669634320503
2141,0.17071291946974643
2142,0.21570026623550853
2143,0.21383415730148325
2144,0.18410432192209114
2145,0.2084420653628093
2146,0.22806994591636331
2147,0.2926476301333354
2148,0.19668884251133634
2149,0.18965421483277523
2150,0.1611141579867088
2151,0.05625179648722811
2152,0.1375668644824397
2153,0.1280115104970514
2154,0.2337342781790147
2155,0.08605280985221642
2156,0.09543723344247113
2157,0.06296917279036818
2158,-0.009661321376944532
2159,0.08977268878076394
2160,0.05394743394187451
2161,0.024835707650561634
2162,0.05848991417158383
2163,0.1629106191250862
2164,0.27124181483652954
2165,0.247111376366354
2166,0.3097326174557026
2167,0.46164407314045935
2168,0.48066042667664666
2169,0.47652628070325226
2170,0.5826982351989004
2171,0.5855905443680973
2172,0.636059327421556
2173,0.7192048947648493
2174,0.6561757952460876
2175,0.7071074486655836
2176,0.8033552358404965
2177,0.8153838477677173
2178,0.9125851081624519
2179,0.878478328735226
2180,0.8763149444283412
2181,1.0392082647351462
2182,0.9694964653789038
2183,0.9948212716082064
2184,0.9266215139279307
2185,0.9727808637737408
2186,1.0050108602951442
2187,0.9403115364723373
2188,1.0139812210180912
2189,0.961449522076327
2190,0.9721478448841127
2191,0.9508845525163518
2192,1.066832094608619
2193,0.965831489709213
2194,0.9049818566278414
2195,0.9894655806779683
2196,0.8769177693711933
2197,0.9372198750468748
2198,0.8168529475810284
2199,0.8357810548072587
2200,0.8987356200483567
2201,0.9119233289997706
2202,0.8691405866142489
2203,0.8398884439718605
2204,0.8153046815463261
2205,0.7407786617572589
2206,0.7627803700842967
2207,0.7595996095070235
2208,0.8192068936184816
2209,0.024835707650561634
2210,0.05848991417158383
2211,0.1629106191250862
2212,0.27124181483652954
2213,0.247111376366354
2214,0.3097326174557026
2215,0.46164407314045935
2216,0.48066042667664666
2217,0.47652628070325226
2218,0.5826982351989004
2219,0.5855905443680973
2220,0.636059327421556
2221,0.7192048947648493
2222,0.6561757952460876
2223,0.7071074486655836
2224,0.8033552358404965
2225,0.8153838477677173
2226,0.9125851081624519
2227,0.878478328735226
2228,0.8763149444283412
2229,1.0392082647351462
2230,0.9694964653789038
2231,0.9948212716082064
2232,0.9266215139279307
2233,0.9727808637737408
2234,1.0050108602951442
2235,0.9403115364723373
2236,1.0139812210180912
2237,0.961449522076327
2238,0.9721478448841127
2239,0.9508845525163518
2240,1.066832094608619
2241,0.965831489709213
2242,0.9049818566278414
2243,0.9894655806779683
2244,0.8769177693711933
2245,0.9372198750468748
2246,0.8168529475810284
2247,0.8357810548072587
2248,0.8987356200483567
2249,0.9119233289997706
2250,0.8691405866142489
2251,0.8398884439718605
2252,0.8153046815463261
2253,0.7407786617572589
2254,0.7627803700842967
2255,0.7595996095070235
2256,0.8192068936184816
2257,0.024835707650561634
2258,0.05848991417158383
2259,0.1629106191250862
2260,0.27124181483652954
2261,0.247111376366354
2262,0.3097326174557026
2263,0.46164407314045935
2264,0.48066042667664666
2265,0.47652628070325226
2266,0.5826982351989004
2267,0.5855905443680973
2268,0.636059327421556
2269,0.7192048947648493
2270,0.6561757952460876
2271,0.7071074486655836
2272,0.8033552358404965
2273,0.8153838477677173
2274,0.9125851081624519
2275,0.878478328735226
2276,0.8763149444283412
2277,1.0392082647351462
2278,0.9694964653789038
2279,0.9948212716082064
2280,0.9266215139279307
2281,0.767180914478423
2282,0.6613127230415142
2283,0.7640654138131922
2284,0.7259422060799918
2285,0.7076353565569692
2286,0.76731634681582
2287,0.7825198592526192
2288,0.7707821913389821
2289,0.6745454747849777
2290,0.6924067842830756
2291,0.714901506642987
2292,0.7367372082258623
2293,0.6528179834043725
2294,0.6555535049418264
2295,0.5968736085518788
2296,0.579082227050867
2297,0.6656262911197101
2298,0.6783841739832915
2299,0.5920703520122558
2300,0.6305365112203917
2301,0.582786562528012
2302,0.5165165927737759
2303,0.5507013283304336
2304,0.5932526106308343
2305,0.024835707650561634
2306,0.05848991417158383
2307,0.1629106191250862
2308,0.27124181483652954
2309,0.247111376366354
2310,0.3097326174557026
2311,0.46164407314045935
2312,0.48066042667664666
2313,0.47652628070325226
2314,0.5826982351989004
2315,0.5855905443680973
2316,0.636059327421556
2317,0.7192048947648493
2318,0.6561757952460876
2319,0.7071074486655836
2320,0.8033552358404965
2321,0.8153838477677173
2322,0.9125851081624519
2323,0.878478328735226
2324,0.8763149444283412
2325,1.0392082647351462
2326,0.9694964653789038
2327,0.9948212716082064
2328,0.9266215139279307
2329,0.4982086980445024
2330,0.5776969136003514
2331,0.3668739601389652
2332,0.5362914453195688
2333,0.4958338099841757
2334,0.4717821648504831
2335,0.4855579219545969
2336,0.37483973965312745
2337,0.45552275655423413
2338,0.47572303165122365
2339,0.5222330373098847
2340,0.412046440956062
2341,0.3863520151519776
2342,0.3897486015957904
2343,0.4479604631372839
2344,0.40533011373788475
2345,0.3485119898116482
2346,0.38623554421041817
2347,0.3505247355586746
2348,0.378792115852435
2349,0.27960210658176265
2350,0.28238947317414365
2351,0.263026140398405
2352,0.1931750349009299
2353,0.024835707650561634
2354,0.05848991417158383
2355,0.1629106191250862
2356,0.27124181483652954
2357,0.247111376366354
2358,0.3097326174557026
2359,0.46164407314045935
2360,0.48066042667664666
2361,0.47652628070325226
2362,0.5826982351989004
2363,0.5855905443680973
2364,0.636059327421556
2365,0.7192048947648493
2366,0.6561757952460876
2367,0.7071074486655836
2368,0.8033552358404965
2369,0.8153838477677173
2370,0.9125851081624519
2371,0.878478328735226
2372,0.8763149444283412
2373,1.0392082647351462
2374,0.9694964653789038
2375,0.9948212716082064
2376,0.9266215139279307
2377,0.4982086980445024
2378,0.5776969136003514
2379,0.3668739601389652
2380,0.5362914453195688
2381,0.4958338099841757
2382,0.4717821648504831
2383,0.4855579219545969
2384,0.37483973965312745
2385,0.45552275655423413
2386,0.47572303165122365
2387,0.5222330373098847
2388,0.412046440956062
2389,0.3863520151519776
2390,0.3897486015957904
2391,0.4479604631372839
2392,0.40533011373788475
2393,0.3485119898116482
2394,0.38623554421041817
2395,0.3505247355586746
2396,0.378792115852435
2397,0.27960210658176265
2398,0.28238947317414365
2399,0.263026140398405
2400,0.1931750349009299
